Number of Processes,Time (s)
1,5.091087
2,2.027681
3,1.313176
4,1.162813
5,1.075500
6,0.946700
7,0.701671
8,0.696151
9,0.733126
10,1.020716
11,1.200679
12,2.169802
