Number of Processors,Time (s)
1,6.005097
2,3.431743
3,3.394752
4,3.240628
5,3.340108
6,2.793242
7,2.514936
8,2.231654
9,2.113605
10,1.983069
11,1.872455
12,1.794662
