Number of Processors,Time (s)
1,0.347657
2,0.460306
3,0.474661
4,0.509079
5,0.793368
